Fund Name,P1,P2,P3,P4,P5,Topsis Score,Rank
M1,0.7,0.49,4.3,57.1,15.65,0.5009211374811049,5.0
M2,0.63,0.4,6.8,59.4,16.81,0.6575528944066503,1.0
M3,0.88,0.77,4.8,41.2,11.91,0.4193824987700031,7.0
M4,0.75,0.56,5.9,66.9,18.53,0.5553770007878657,4.0
M5,0.76,0.58,5.8,48.0,13.79,0.5646173650081163,3.0
M6,0.61,0.37,5.0,64.4,17.6,0.5703920467785677,2.0
M7,0.83,0.69,4.7,51.0,14.31,0.42116071262965443,6.0
M8,0.93,0.86,3.8,49.5,13.77,0.3391014107338239,8.0
