Fund Name,P1,P2,P3,P4,P5,Topsis Score,Rank
M1,0.7,0.49,4.3,57.1,15.65,0.5397171816452396,4.0
M2,0.63,0.4,6.8,59.4,16.81,0.3357342158547629,8.0
M3,0.88,0.77,4.8,41.2,11.91,0.5916074643014775,2.0
M4,0.75,0.56,5.9,66.9,18.53,0.41725878387785553,7.0
M5,0.76,0.58,5.8,48.0,13.79,0.4613462253132534,5.0
M6,0.61,0.37,5.0,64.4,17.6,0.4465591699340118,6.0
M7,0.83,0.69,4.7,51.0,14.31,0.5866197674980852,3.0
M8,0.93,0.86,3.8,49.5,13.77,0.6666452986001978,1.0
